SeqNo,西元年,月,URL,說明/備註
1,2017,1,http://tcgmetro.blob.core.windows.net/stationod/%E8%87%BA%E5%8C%97%E6%8D%B7%E9%81%8B%E6%AF%8F%E6%97%A5%E5%88%86%E6%99%82%E5%90%84%E7%AB%99OD%E6%B5%81%E9%87%8F%E7%B5%B1%E8%A8%88%E8%B3%87%E6%96%99_201701.csv
2,2017,2,http://tcgmetro.blob.core.windows.net/stationod/%E8%87%BA%E5%8C%97%E6%8D%B7%E9%81%8B%E6%AF%8F%E6%97%A5%E5%88%86%E6%99%82%E5%90%84%E7%AB%99OD%E6%B5%81%E9%87%8F%E7%B5%B1%E8%A8%88%E8%B3%87%E6%96%99_201702.csv
3,2017,3,http://tcgmetro.blob.core.windows.net/stationod/%E8%87%BA%E5%8C%97%E6%8D%B7%E9%81%8B%E6%AF%8F%E6%97%A5%E5%88%86%E6%99%82%E5%90%84%E7%AB%99OD%E6%B5%81%E9%87%8F%E7%B5%B1%E8%A8%88%E8%B3%87%E6%96%99_201703.csv
4,2017,4,http://tcgmetro.blob.core.windows.net/stationod/%E8%87%BA%E5%8C%97%E6%8D%B7%E9%81%8B%E6%AF%8F%E6%97%A5%E5%88%86%E6%99%82%E5%90%84%E7%AB%99OD%E6%B5%81%E9%87%8F%E7%B5%B1%E8%A8%88%E8%B3%87%E6%96%99_201704.csv
5,2017,5,http://tcgmetro.blob.core.windows.net/stationod/%E8%87%BA%E5%8C%97%E6%8D%B7%E9%81%8B%E6%AF%8F%E6%97%A5%E5%88%86%E6%99%82%E5%90%84%E7%AB%99OD%E6%B5%81%E9%87%8F%E7%B5%B1%E8%A8%88%E8%B3%87%E6%96%99_201705.csv
6,2017,6,http://tcgmetro.blob.core.windows.net/stationod/%E8%87%BA%E5%8C%97%E6%8D%B7%E9%81%8B%E6%AF%8F%E6%97%A5%E5%88%86%E6%99%82%E5%90%84%E7%AB%99OD%E6%B5%81%E9%87%8F%E7%B5%B1%E8%A8%88%E8%B3%87%E6%96%99_201706.csv
7,2017,7,http://tcgmetro.blob.core.windows.net/stationod/%E8%87%BA%E5%8C%97%E6%8D%B7%E9%81%8B%E6%AF%8F%E6%97%A5%E5%88%86%E6%99%82%E5%90%84%E7%AB%99OD%E6%B5%81%E9%87%8F%E7%B5%B1%E8%A8%88%E8%B3%87%E6%96%99_201707.csv
8,2017,8,http://tcgmetro.blob.core.windows.net/stationod/%E8%87%BA%E5%8C%97%E6%8D%B7%E9%81%8B%E6%AF%8F%E6%97%A5%E5%88%86%E6%99%82%E5%90%84%E7%AB%99OD%E6%B5%81%E9%87%8F%E7%B5%B1%E8%A8%88%E8%B3%87%E6%96%99_201708.csv
9,2017,9,http://tcgmetro.blob.core.windows.net/stationod/%E8%87%BA%E5%8C%97%E6%8D%B7%E9%81%8B%E6%AF%8F%E6%97%A5%E5%88%86%E6%99%82%E5%90%84%E7%AB%99OD%E6%B5%81%E9%87%8F%E7%B5%B1%E8%A8%88%E8%B3%87%E6%96%99_201709.csv
10,2017,10,http://tcgmetro.blob.core.windows.net/stationod/%E8%87%BA%E5%8C%97%E6%8D%B7%E9%81%8B%E6%AF%8F%E6%97%A5%E5%88%86%E6%99%82%E5%90%84%E7%AB%99OD%E6%B5%81%E9%87%8F%E7%B5%B1%E8%A8%88%E8%B3%87%E6%96%99_201710.csv
11,2017,11,http://tcgmetro.blob.core.windows.net/stationod/%E8%87%BA%E5%8C%97%E6%8D%B7%E9%81%8B%E6%AF%8F%E6%97%A5%E5%88%86%E6%99%82%E5%90%84%E7%AB%99OD%E6%B5%81%E9%87%8F%E7%B5%B1%E8%A8%88%E8%B3%87%E6%96%99_201711.csv
12,2017,12,http://tcgmetro.blob.core.windows.net/stationod/%E8%87%BA%E5%8C%97%E6%8D%B7%E9%81%8B%E6%AF%8F%E6%97%A5%E5%88%86%E6%99%82%E5%90%84%E7%AB%99OD%E6%B5%81%E9%87%8F%E7%B5%B1%E8%A8%88%E8%B3%87%E6%96%99_201712.csv
13,2018,1,http://tcgmetro.blob.core.windows.net/stationod/%E8%87%BA%E5%8C%97%E6%8D%B7%E9%81%8B%E6%AF%8F%E6%97%A5%E5%88%86%E6%99%82%E5%90%84%E7%AB%99OD%E6%B5%81%E9%87%8F%E7%B5%B1%E8%A8%88%E8%B3%87%E6%96%99_201801.csv
14,2018,2,http://tcgmetro.blob.core.windows.net/stationod/%E8%87%BA%E5%8C%97%E6%8D%B7%E9%81%8B%E6%AF%8F%E6%97%A5%E5%88%86%E6%99%82%E5%90%84%E7%AB%99OD%E6%B5%81%E9%87%8F%E7%B5%B1%E8%A8%88%E8%B3%87%E6%96%99_201802.csv
15,2018,3,http://tcgmetro.blob.core.windows.net/stationod/%E8%87%BA%E5%8C%97%E6%8D%B7%E9%81%8B%E6%AF%8F%E6%97%A5%E5%88%86%E6%99%82%E5%90%84%E7%AB%99OD%E6%B5%81%E9%87%8F%E7%B5%B1%E8%A8%88%E8%B3%87%E6%96%99_201803.csv
16,2018,4,http://tcgmetro.blob.core.windows.net/stationod/%E8%87%BA%E5%8C%97%E6%8D%B7%E9%81%8B%E6%AF%8F%E6%97%A5%E5%88%86%E6%99%82%E5%90%84%E7%AB%99OD%E6%B5%81%E9%87%8F%E7%B5%B1%E8%A8%88%E8%B3%87%E6%96%99_201804.csv
17,2018,5,http://tcgmetro.blob.core.windows.net/stationod/%E8%87%BA%E5%8C%97%E6%8D%B7%E9%81%8B%E6%AF%8F%E6%97%A5%E5%88%86%E6%99%82%E5%90%84%E7%AB%99OD%E6%B5%81%E9%87%8F%E7%B5%B1%E8%A8%88%E8%B3%87%E6%96%99_201805.csv
18,2018,6,http://tcgmetro.blob.core.windows.net/stationod/%E8%87%BA%E5%8C%97%E6%8D%B7%E9%81%8B%E6%AF%8F%E6%97%A5%E5%88%86%E6%99%82%E5%90%84%E7%AB%99OD%E6%B5%81%E9%87%8F%E7%B5%B1%E8%A8%88%E8%B3%87%E6%96%99_201806.csv
19,2018,7,http://tcgmetro.blob.core.windows.net/stationod/%E8%87%BA%E5%8C%97%E6%8D%B7%E9%81%8B%E6%AF%8F%E6%97%A5%E5%88%86%E6%99%82%E5%90%84%E7%AB%99OD%E6%B5%81%E9%87%8F%E7%B5%B1%E8%A8%88%E8%B3%87%E6%96%99_201807.csv
20,2018,8,http://tcgmetro.blob.core.windows.net/stationod/%E8%87%BA%E5%8C%97%E6%8D%B7%E9%81%8B%E6%AF%8F%E6%97%A5%E5%88%86%E6%99%82%E5%90%84%E7%AB%99OD%E6%B5%81%E9%87%8F%E7%B5%B1%E8%A8%88%E8%B3%87%E6%96%99_201808.csv
21,2018,9,http://tcgmetro.blob.core.windows.net/stationod/%E8%87%BA%E5%8C%97%E6%8D%B7%E9%81%8B%E6%AF%8F%E6%97%A5%E5%88%86%E6%99%82%E5%90%84%E7%AB%99OD%E6%B5%81%E9%87%8F%E7%B5%B1%E8%A8%88%E8%B3%87%E6%96%99_201809.csv
22,2018,10,http://tcgmetro.blob.core.windows.net/stationod/%E8%87%BA%E5%8C%97%E6%8D%B7%E9%81%8B%E6%AF%8F%E6%97%A5%E5%88%86%E6%99%82%E5%90%84%E7%AB%99OD%E6%B5%81%E9%87%8F%E7%B5%B1%E8%A8%88%E8%B3%87%E6%96%99_201810.csv
23,2018,11,http://tcgmetro.blob.core.windows.net/stationod/%E8%87%BA%E5%8C%97%E6%8D%B7%E9%81%8B%E6%AF%8F%E6%97%A5%E5%88%86%E6%99%82%E5%90%84%E7%AB%99OD%E6%B5%81%E9%87%8F%E7%B5%B1%E8%A8%88%E8%B3%87%E6%96%99_201811.csv
24,2018,12,http://tcgmetro.blob.core.windows.net/stationod/%E8%87%BA%E5%8C%97%E6%8D%B7%E9%81%8B%E6%AF%8F%E6%97%A5%E5%88%86%E6%99%82%E5%90%84%E7%AB%99OD%E6%B5%81%E9%87%8F%E7%B5%B1%E8%A8%88%E8%B3%87%E6%96%99_201812.csv
25,2019,1,http://tcgmetro.blob.core.windows.net/stationod/%E8%87%BA%E5%8C%97%E6%8D%B7%E9%81%8B%E6%AF%8F%E6%97%A5%E5%88%86%E6%99%82%E5%90%84%E7%AB%99OD%E6%B5%81%E9%87%8F%E7%B5%B1%E8%A8%88%E8%B3%87%E6%96%99_201901.csv
26,2019,2,http://tcgmetro.blob.core.windows.net/stationod/%E8%87%BA%E5%8C%97%E6%8D%B7%E9%81%8B%E6%AF%8F%E6%97%A5%E5%88%86%E6%99%82%E5%90%84%E7%AB%99OD%E6%B5%81%E9%87%8F%E7%B5%B1%E8%A8%88%E8%B3%87%E6%96%99_201902.csv
27,2019,3,http://tcgmetro.blob.core.windows.net/stationod/%E8%87%BA%E5%8C%97%E6%8D%B7%E9%81%8B%E6%AF%8F%E6%97%A5%E5%88%86%E6%99%82%E5%90%84%E7%AB%99OD%E6%B5%81%E9%87%8F%E7%B5%B1%E8%A8%88%E8%B3%87%E6%96%99_201903.csv
28,2019,4,http://tcgmetro.blob.core.windows.net/stationod/%E8%87%BA%E5%8C%97%E6%8D%B7%E9%81%8B%E6%AF%8F%E6%97%A5%E5%88%86%E6%99%82%E5%90%84%E7%AB%99OD%E6%B5%81%E9%87%8F%E7%B5%B1%E8%A8%88%E8%B3%87%E6%96%99_201904.csv
29,2019,5,http://tcgmetro.blob.core.windows.net/stationod/%E8%87%BA%E5%8C%97%E6%8D%B7%E9%81%8B%E6%AF%8F%E6%97%A5%E5%88%86%E6%99%82%E5%90%84%E7%AB%99OD%E6%B5%81%E9%87%8F%E7%B5%B1%E8%A8%88%E8%B3%87%E6%96%99_201905.csv
30,2019,6,http://tcgmetro.blob.core.windows.net/stationod/%E8%87%BA%E5%8C%97%E6%8D%B7%E9%81%8B%E6%AF%8F%E6%97%A5%E5%88%86%E6%99%82%E5%90%84%E7%AB%99OD%E6%B5%81%E9%87%8F%E7%B5%B1%E8%A8%88%E8%B3%87%E6%96%99_201906.csv
31,2019,7,http://tcgmetro.blob.core.windows.net/stationod/%E8%87%BA%E5%8C%97%E6%8D%B7%E9%81%8B%E6%AF%8F%E6%97%A5%E5%88%86%E6%99%82%E5%90%84%E7%AB%99OD%E6%B5%81%E9%87%8F%E7%B5%B1%E8%A8%88%E8%B3%87%E6%96%99_201907.csv
32,2019,8,http://tcgmetro.blob.core.windows.net/stationod/%E8%87%BA%E5%8C%97%E6%8D%B7%E9%81%8B%E6%AF%8F%E6%97%A5%E5%88%86%E6%99%82%E5%90%84%E7%AB%99OD%E6%B5%81%E9%87%8F%E7%B5%B1%E8%A8%88%E8%B3%87%E6%96%99_201908.csv
33,2019,9,http://tcgmetro.blob.core.windows.net/stationod/%E8%87%BA%E5%8C%97%E6%8D%B7%E9%81%8B%E6%AF%8F%E6%97%A5%E5%88%86%E6%99%82%E5%90%84%E7%AB%99OD%E6%B5%81%E9%87%8F%E7%B5%B1%E8%A8%88%E8%B3%87%E6%96%99_201909.csv
34,2019,10,http://tcgmetro.blob.core.windows.net/stationod/%E8%87%BA%E5%8C%97%E6%8D%B7%E9%81%8B%E6%AF%8F%E6%97%A5%E5%88%86%E6%99%82%E5%90%84%E7%AB%99OD%E6%B5%81%E9%87%8F%E7%B5%B1%E8%A8%88%E8%B3%87%E6%96%99_201910.csv
35,2019,11,http://tcgmetro.blob.core.windows.net/stationod/%E8%87%BA%E5%8C%97%E6%8D%B7%E9%81%8B%E6%AF%8F%E6%97%A5%E5%88%86%E6%99%82%E5%90%84%E7%AB%99OD%E6%B5%81%E9%87%8F%E7%B5%B1%E8%A8%88%E8%B3%87%E6%96%99_201911.csv
36,2019,12,http://tcgmetro.blob.core.windows.net/stationod/%E8%87%BA%E5%8C%97%E6%8D%B7%E9%81%8B%E6%AF%8F%E6%97%A5%E5%88%86%E6%99%82%E5%90%84%E7%AB%99OD%E6%B5%81%E9%87%8F%E7%B5%B1%E8%A8%88%E8%B3%87%E6%96%99_201912.csv
37,2020,1,http://tcgmetro.blob.core.windows.net/stationod/%E8%87%BA%E5%8C%97%E6%8D%B7%E9%81%8B%E6%AF%8F%E6%97%A5%E5%88%86%E6%99%82%E5%90%84%E7%AB%99OD%E6%B5%81%E9%87%8F%E7%B5%B1%E8%A8%88%E8%B3%87%E6%96%99_202001.csv
38,2020,2,http://tcgmetro.blob.core.windows.net/stationod/%E8%87%BA%E5%8C%97%E6%8D%B7%E9%81%8B%E6%AF%8F%E6%97%A5%E5%88%86%E6%99%82%E5%90%84%E7%AB%99OD%E6%B5%81%E9%87%8F%E7%B5%B1%E8%A8%88%E8%B3%87%E6%96%99_202002.csv
39,2020,3,http://tcgmetro.blob.core.windows.net/stationod/%E8%87%BA%E5%8C%97%E6%8D%B7%E9%81%8B%E6%AF%8F%E6%97%A5%E5%88%86%E6%99%82%E5%90%84%E7%AB%99OD%E6%B5%81%E9%87%8F%E7%B5%B1%E8%A8%88%E8%B3%87%E6%96%99_202003.csv
40,2020,4,http://tcgmetro.blob.core.windows.net/stationod/%E8%87%BA%E5%8C%97%E6%8D%B7%E9%81%8B%E6%AF%8F%E6%97%A5%E5%88%86%E6%99%82%E5%90%84%E7%AB%99OD%E6%B5%81%E9%87%8F%E7%B5%B1%E8%A8%88%E8%B3%87%E6%96%99_202004.csv
41,2020,5,http://tcgmetro.blob.core.windows.net/stationod/%E8%87%BA%E5%8C%97%E6%8D%B7%E9%81%8B%E6%AF%8F%E6%97%A5%E5%88%86%E6%99%82%E5%90%84%E7%AB%99OD%E6%B5%81%E9%87%8F%E7%B5%B1%E8%A8%88%E8%B3%87%E6%96%99_202005.csv
42,2020,6,http://tcgmetro.blob.core.windows.net/stationod/%E8%87%BA%E5%8C%97%E6%8D%B7%E9%81%8B%E6%AF%8F%E6%97%A5%E5%88%86%E6%99%82%E5%90%84%E7%AB%99OD%E6%B5%81%E9%87%8F%E7%B5%B1%E8%A8%88%E8%B3%87%E6%96%99_202006.csv
43,2020,7,http://tcgmetro.blob.core.windows.net/stationod/%E8%87%BA%E5%8C%97%E6%8D%B7%E9%81%8B%E6%AF%8F%E6%97%A5%E5%88%86%E6%99%82%E5%90%84%E7%AB%99OD%E6%B5%81%E9%87%8F%E7%B5%B1%E8%A8%88%E8%B3%87%E6%96%99_202007.csv
44,2020,8,http://tcgmetro.blob.core.windows.net/stationod/%E8%87%BA%E5%8C%97%E6%8D%B7%E9%81%8B%E6%AF%8F%E6%97%A5%E5%88%86%E6%99%82%E5%90%84%E7%AB%99OD%E6%B5%81%E9%87%8F%E7%B5%B1%E8%A8%88%E8%B3%87%E6%96%99_202008.csv
45,2020,9,http://tcgmetro.blob.core.windows.net/stationod/%E8%87%BA%E5%8C%97%E6%8D%B7%E9%81%8B%E6%AF%8F%E6%97%A5%E5%88%86%E6%99%82%E5%90%84%E7%AB%99OD%E6%B5%81%E9%87%8F%E7%B5%B1%E8%A8%88%E8%B3%87%E6%96%99_202009.csv
46,2020,10,http://tcgmetro.blob.core.windows.net/stationod/%E8%87%BA%E5%8C%97%E6%8D%B7%E9%81%8B%E6%AF%8F%E6%97%A5%E5%88%86%E6%99%82%E5%90%84%E7%AB%99OD%E6%B5%81%E9%87%8F%E7%B5%B1%E8%A8%88%E8%B3%87%E6%96%99_202010.csv
47,2020,11,http://tcgmetro.blob.core.windows.net/stationod/%E8%87%BA%E5%8C%97%E6%8D%B7%E9%81%8B%E6%AF%8F%E6%97%A5%E5%88%86%E6%99%82%E5%90%84%E7%AB%99OD%E6%B5%81%E9%87%8F%E7%B5%B1%E8%A8%88%E8%B3%87%E6%96%99_202011.csv
48,2020,12,http://tcgmetro.blob.core.windows.net/stationod/%E8%87%BA%E5%8C%97%E6%8D%B7%E9%81%8B%E6%AF%8F%E6%97%A5%E5%88%86%E6%99%82%E5%90%84%E7%AB%99OD%E6%B5%81%E9%87%8F%E7%B5%B1%E8%A8%88%E8%B3%87%E6%96%99_202012.csv
49,2021,1,http://tcgmetro.blob.core.windows.net/stationod/%E8%87%BA%E5%8C%97%E6%8D%B7%E9%81%8B%E6%AF%8F%E6%97%A5%E5%88%86%E6%99%82%E5%90%84%E7%AB%99OD%E6%B5%81%E9%87%8F%E7%B5%B1%E8%A8%88%E8%B3%87%E6%96%99_202101.csv
50,2021,2,http://tcgmetro.blob.core.windows.net/stationod/%E8%87%BA%E5%8C%97%E6%8D%B7%E9%81%8B%E6%AF%8F%E6%97%A5%E5%88%86%E6%99%82%E5%90%84%E7%AB%99OD%E6%B5%81%E9%87%8F%E7%B5%B1%E8%A8%88%E8%B3%87%E6%96%99_202102.csv
51,2021,3,http://tcgmetro.blob.core.windows.net/stationod/%E8%87%BA%E5%8C%97%E6%8D%B7%E9%81%8B%E6%AF%8F%E6%97%A5%E5%88%86%E6%99%82%E5%90%84%E7%AB%99OD%E6%B5%81%E9%87%8F%E7%B5%B1%E8%A8%88%E8%B3%87%E6%96%99_202103.csv
52,2021,4,http://tcgmetro.blob.core.windows.net/stationod/%E8%87%BA%E5%8C%97%E6%8D%B7%E9%81%8B%E6%AF%8F%E6%97%A5%E5%88%86%E6%99%82%E5%90%84%E7%AB%99OD%E6%B5%81%E9%87%8F%E7%B5%B1%E8%A8%88%E8%B3%87%E6%96%99_202104.csv
53,2021,5,http://tcgmetro.blob.core.windows.net/stationod/%E8%87%BA%E5%8C%97%E6%8D%B7%E9%81%8B%E6%AF%8F%E6%97%A5%E5%88%86%E6%99%82%E5%90%84%E7%AB%99OD%E6%B5%81%E9%87%8F%E7%B5%B1%E8%A8%88%E8%B3%87%E6%96%99_202105.csv
54,2021,6,http://tcgmetro.blob.core.windows.net/stationod/%E8%87%BA%E5%8C%97%E6%8D%B7%E9%81%8B%E6%AF%8F%E6%97%A5%E5%88%86%E6%99%82%E5%90%84%E7%AB%99OD%E6%B5%81%E9%87%8F%E7%B5%B1%E8%A8%88%E8%B3%87%E6%96%99_202106.csv
55,2021,7,http://tcgmetro.blob.core.windows.net/stationod/%E8%87%BA%E5%8C%97%E6%8D%B7%E9%81%8B%E6%AF%8F%E6%97%A5%E5%88%86%E6%99%82%E5%90%84%E7%AB%99OD%E6%B5%81%E9%87%8F%E7%B5%B1%E8%A8%88%E8%B3%87%E6%96%99_202107.csv
56,2021,8,http://tcgmetro.blob.core.windows.net/stationod/%E8%87%BA%E5%8C%97%E6%8D%B7%E9%81%8B%E6%AF%8F%E6%97%A5%E5%88%86%E6%99%82%E5%90%84%E7%AB%99OD%E6%B5%81%E9%87%8F%E7%B5%B1%E8%A8%88%E8%B3%87%E6%96%99_202108.csv
57,2021,9,http://tcgmetro.blob.core.windows.net/stationod/%E8%87%BA%E5%8C%97%E6%8D%B7%E9%81%8B%E6%AF%8F%E6%97%A5%E5%88%86%E6%99%82%E5%90%84%E7%AB%99OD%E6%B5%81%E9%87%8F%E7%B5%B1%E8%A8%88%E8%B3%87%E6%96%99_202109.csv
58,2021,10,http://tcgmetro.blob.core.windows.net/stationod/%E8%87%BA%E5%8C%97%E6%8D%B7%E9%81%8B%E6%AF%8F%E6%97%A5%E5%88%86%E6%99%82%E5%90%84%E7%AB%99OD%E6%B5%81%E9%87%8F%E7%B5%B1%E8%A8%88%E8%B3%87%E6%96%99_202110.csv
59,2021,11,http://tcgmetro.blob.core.windows.net/stationod/%E8%87%BA%E5%8C%97%E6%8D%B7%E9%81%8B%E6%AF%8F%E6%97%A5%E5%88%86%E6%99%82%E5%90%84%E7%AB%99OD%E6%B5%81%E9%87%8F%E7%B5%B1%E8%A8%88%E8%B3%87%E6%96%99_202111.csv
60,2021,12,http://tcgmetro.blob.core.windows.net/stationod/%E8%87%BA%E5%8C%97%E6%8D%B7%E9%81%8B%E6%AF%8F%E6%97%A5%E5%88%86%E6%99%82%E5%90%84%E7%AB%99OD%E6%B5%81%E9%87%8F%E7%B5%B1%E8%A8%88%E8%B3%87%E6%96%99_202112.csv
61,2022,1,http://tcgmetro.blob.core.windows.net/stationod/%E8%87%BA%E5%8C%97%E6%8D%B7%E9%81%8B%E6%AF%8F%E6%97%A5%E5%88%86%E6%99%82%E5%90%84%E7%AB%99OD%E6%B5%81%E9%87%8F%E7%B5%B1%E8%A8%88%E8%B3%87%E6%96%99_202201.csv
62,2022,2,http://tcgmetro.blob.core.windows.net/stationod/%E8%87%BA%E5%8C%97%E6%8D%B7%E9%81%8B%E6%AF%8F%E6%97%A5%E5%88%86%E6%99%82%E5%90%84%E7%AB%99OD%E6%B5%81%E9%87%8F%E7%B5%B1%E8%A8%88%E8%B3%87%E6%96%99_202202.csv
63,2022,3,http://tcgmetro.blob.core.windows.net/stationod/%E8%87%BA%E5%8C%97%E6%8D%B7%E9%81%8B%E6%AF%8F%E6%97%A5%E5%88%86%E6%99%82%E5%90%84%E7%AB%99OD%E6%B5%81%E9%87%8F%E7%B5%B1%E8%A8%88%E8%B3%87%E6%96%99_202203.csv
64,2022,4,http://tcgmetro.blob.core.windows.net/stationod/%E8%87%BA%E5%8C%97%E6%8D%B7%E9%81%8B%E6%AF%8F%E6%97%A5%E5%88%86%E6%99%82%E5%90%84%E7%AB%99OD%E6%B5%81%E9%87%8F%E7%B5%B1%E8%A8%88%E8%B3%87%E6%96%99_202204.csv
65,2022,5,http://tcgmetro.blob.core.windows.net/stationod/%E8%87%BA%E5%8C%97%E6%8D%B7%E9%81%8B%E6%AF%8F%E6%97%A5%E5%88%86%E6%99%82%E5%90%84%E7%AB%99OD%E6%B5%81%E9%87%8F%E7%B5%B1%E8%A8%88%E8%B3%87%E6%96%99_202205.csv
66,2022,6,http://tcgmetro.blob.core.windows.net/stationod/%E8%87%BA%E5%8C%97%E6%8D%B7%E9%81%8B%E6%AF%8F%E6%97%A5%E5%88%86%E6%99%82%E5%90%84%E7%AB%99OD%E6%B5%81%E9%87%8F%E7%B5%B1%E8%A8%88%E8%B3%87%E6%96%99_202206.csv
67,2022,7,http://tcgmetro.blob.core.windows.net/stationod/%E8%87%BA%E5%8C%97%E6%8D%B7%E9%81%8B%E6%AF%8F%E6%97%A5%E5%88%86%E6%99%82%E5%90%84%E7%AB%99OD%E6%B5%81%E9%87%8F%E7%B5%B1%E8%A8%88%E8%B3%87%E6%96%99_202207.csv
68,2022,8,http://tcgmetro.blob.core.windows.net/stationod/%E8%87%BA%E5%8C%97%E6%8D%B7%E9%81%8B%E6%AF%8F%E6%97%A5%E5%88%86%E6%99%82%E5%90%84%E7%AB%99OD%E6%B5%81%E9%87%8F%E7%B5%B1%E8%A8%88%E8%B3%87%E6%96%99_202208.csv
69,2022,9,http://tcgmetro.blob.core.windows.net/stationod/%E8%87%BA%E5%8C%97%E6%8D%B7%E9%81%8B%E6%AF%8F%E6%97%A5%E5%88%86%E6%99%82%E5%90%84%E7%AB%99OD%E6%B5%81%E9%87%8F%E7%B5%B1%E8%A8%88%E8%B3%87%E6%96%99_202209.csv
70,2022,10,http://tcgmetro.blob.core.windows.net/stationod/%E8%87%BA%E5%8C%97%E6%8D%B7%E9%81%8B%E6%AF%8F%E6%97%A5%E5%88%86%E6%99%82%E5%90%84%E7%AB%99OD%E6%B5%81%E9%87%8F%E7%B5%B1%E8%A8%88%E8%B3%87%E6%96%99_202210.csv
71,2022,11,http://tcgmetro.blob.core.windows.net/stationod/%E8%87%BA%E5%8C%97%E6%8D%B7%E9%81%8B%E6%AF%8F%E6%97%A5%E5%88%86%E6%99%82%E5%90%84%E7%AB%99OD%E6%B5%81%E9%87%8F%E7%B5%B1%E8%A8%88%E8%B3%87%E6%96%99_202211.csv
72,2022,12,http://tcgmetro.blob.core.windows.net/stationod/%E8%87%BA%E5%8C%97%E6%8D%B7%E9%81%8B%E6%AF%8F%E6%97%A5%E5%88%86%E6%99%82%E5%90%84%E7%AB%99OD%E6%B5%81%E9%87%8F%E7%B5%B1%E8%A8%88%E8%B3%87%E6%96%99_202212.csv
73,2023,1,http://tcgmetro.blob.core.windows.net/stationod/%E8%87%BA%E5%8C%97%E6%8D%B7%E9%81%8B%E6%AF%8F%E6%97%A5%E5%88%86%E6%99%82%E5%90%84%E7%AB%99OD%E6%B5%81%E9%87%8F%E7%B5%B1%E8%A8%88%E8%B3%87%E6%96%99_202301.csv
74,2023,2,http://tcgmetro.blob.core.windows.net/stationod/%E8%87%BA%E5%8C%97%E6%8D%B7%E9%81%8B%E6%AF%8F%E6%97%A5%E5%88%86%E6%99%82%E5%90%84%E7%AB%99OD%E6%B5%81%E9%87%8F%E7%B5%B1%E8%A8%88%E8%B3%87%E6%96%99_202302.csv
75,2023,3,http://tcgmetro.blob.core.windows.net/stationod/%E8%87%BA%E5%8C%97%E6%8D%B7%E9%81%8B%E6%AF%8F%E6%97%A5%E5%88%86%E6%99%82%E5%90%84%E7%AB%99OD%E6%B5%81%E9%87%8F%E7%B5%B1%E8%A8%88%E8%B3%87%E6%96%99_202303.csv
76,2023,4,http://tcgmetro.blob.core.windows.net/stationod/%E8%87%BA%E5%8C%97%E6%8D%B7%E9%81%8B%E6%AF%8F%E6%97%A5%E5%88%86%E6%99%82%E5%90%84%E7%AB%99OD%E6%B5%81%E9%87%8F%E7%B5%B1%E8%A8%88%E8%B3%87%E6%96%99_202304.csv
77,2023,5,http://tcgmetro.blob.core.windows.net/stationod/%E8%87%BA%E5%8C%97%E6%8D%B7%E9%81%8B%E6%AF%8F%E6%97%A5%E5%88%86%E6%99%82%E5%90%84%E7%AB%99OD%E6%B5%81%E9%87%8F%E7%B5%B1%E8%A8%88%E8%B3%87%E6%96%99_202305.csv
78,2023,6,http://tcgmetro.blob.core.windows.net/stationod/%E8%87%BA%E5%8C%97%E6%8D%B7%E9%81%8B%E6%AF%8F%E6%97%A5%E5%88%86%E6%99%82%E5%90%84%E7%AB%99OD%E6%B5%81%E9%87%8F%E7%B5%B1%E8%A8%88%E8%B3%87%E6%96%99_202306.csv
79,2023,7,http://tcgmetro.blob.core.windows.net/stationod/%E8%87%BA%E5%8C%97%E6%8D%B7%E9%81%8B%E6%AF%8F%E6%97%A5%E5%88%86%E6%99%82%E5%90%84%E7%AB%99OD%E6%B5%81%E9%87%8F%E7%B5%B1%E8%A8%88%E8%B3%87%E6%96%99_202307.csv
80,2023,8,http://tcgmetro.blob.core.windows.net/stationod/%E8%87%BA%E5%8C%97%E6%8D%B7%E9%81%8B%E6%AF%8F%E6%97%A5%E5%88%86%E6%99%82%E5%90%84%E7%AB%99OD%E6%B5%81%E9%87%8F%E7%B5%B1%E8%A8%88%E8%B3%87%E6%96%99_202308.csv
81,2023,9,http://tcgmetro.blob.core.windows.net/stationod/%E8%87%BA%E5%8C%97%E6%8D%B7%E9%81%8B%E6%AF%8F%E6%97%A5%E5%88%86%E6%99%82%E5%90%84%E7%AB%99OD%E6%B5%81%E9%87%8F%E7%B5%B1%E8%A8%88%E8%B3%87%E6%96%99_202309.csv
82,2023,10,http://tcgmetro.blob.core.windows.net/stationod/%E8%87%BA%E5%8C%97%E6%8D%B7%E9%81%8B%E6%AF%8F%E6%97%A5%E5%88%86%E6%99%82%E5%90%84%E7%AB%99OD%E6%B5%81%E9%87%8F%E7%B5%B1%E8%A8%88%E8%B3%87%E6%96%99_202310.csv
83,2023,11,http://tcgmetro.blob.core.windows.net/stationod/%E8%87%BA%E5%8C%97%E6%8D%B7%E9%81%8B%E6%AF%8F%E6%97%A5%E5%88%86%E6%99%82%E5%90%84%E7%AB%99OD%E6%B5%81%E9%87%8F%E7%B5%B1%E8%A8%88%E8%B3%87%E6%96%99_202311.csv
84,2023,12,http://tcgmetro.blob.core.windows.net/stationod/%E8%87%BA%E5%8C%97%E6%8D%B7%E9%81%8B%E6%AF%8F%E6%97%A5%E5%88%86%E6%99%82%E5%90%84%E7%AB%99OD%E6%B5%81%E9%87%8F%E7%B5%B1%E8%A8%88%E8%B3%87%E6%96%99_202312.csv
85,2024,1,http://tcgmetro.blob.core.windows.net/stationod/%E8%87%BA%E5%8C%97%E6%8D%B7%E9%81%8B%E6%AF%8F%E6%97%A5%E5%88%86%E6%99%82%E5%90%84%E7%AB%99OD%E6%B5%81%E9%87%8F%E7%B5%B1%E8%A8%88%E8%B3%87%E6%96%99_202401.csv
86,2024,2,http://tcgmetro.blob.core.windows.net/stationod/%E8%87%BA%E5%8C%97%E6%8D%B7%E9%81%8B%E6%AF%8F%E6%97%A5%E5%88%86%E6%99%82%E5%90%84%E7%AB%99OD%E6%B5%81%E9%87%8F%E7%B5%B1%E8%A8%88%E8%B3%87%E6%96%99_202402.csv
87,2024,3,http://tcgmetro.blob.core.windows.net/stationod/%E8%87%BA%E5%8C%97%E6%8D%B7%E9%81%8B%E6%AF%8F%E6%97%A5%E5%88%86%E6%99%82%E5%90%84%E7%AB%99OD%E6%B5%81%E9%87%8F%E7%B5%B1%E8%A8%88%E8%B3%87%E6%96%99_202403.csv
88,2024,4,http://tcgmetro.blob.core.windows.net/stationod/%E8%87%BA%E5%8C%97%E6%8D%B7%E9%81%8B%E6%AF%8F%E6%97%A5%E5%88%86%E6%99%82%E5%90%84%E7%AB%99OD%E6%B5%81%E9%87%8F%E7%B5%B1%E8%A8%88%E8%B3%87%E6%96%99_202404.csv
89,2024,5,http://tcgmetro.blob.core.windows.net/stationod/%E8%87%BA%E5%8C%97%E6%8D%B7%E9%81%8B%E6%AF%8F%E6%97%A5%E5%88%86%E6%99%82%E5%90%84%E7%AB%99OD%E6%B5%81%E9%87%8F%E7%B5%B1%E8%A8%88%E8%B3%87%E6%96%99_202405.csv
90,2024,6,http://tcgmetro.blob.core.windows.net/stationod/%E8%87%BA%E5%8C%97%E6%8D%B7%E9%81%8B%E6%AF%8F%E6%97%A5%E5%88%86%E6%99%82%E5%90%84%E7%AB%99OD%E6%B5%81%E9%87%8F%E7%B5%B1%E8%A8%88%E8%B3%87%E6%96%99_202406.csv
91,2024,7,http://tcgmetro.blob.core.windows.net/stationod/%E8%87%BA%E5%8C%97%E6%8D%B7%E9%81%8B%E6%AF%8F%E6%97%A5%E5%88%86%E6%99%82%E5%90%84%E7%AB%99OD%E6%B5%81%E9%87%8F%E7%B5%B1%E8%A8%88%E8%B3%87%E6%96%99_202407.csv
92,2024,8,http://tcgmetro.blob.core.windows.net/stationod/%E8%87%BA%E5%8C%97%E6%8D%B7%E9%81%8B%E6%AF%8F%E6%97%A5%E5%88%86%E6%99%82%E5%90%84%E7%AB%99OD%E6%B5%81%E9%87%8F%E7%B5%B1%E8%A8%88%E8%B3%87%E6%96%99_202408.csv
93,2024,9,http://tcgmetro.blob.core.windows.net/stationod/%E8%87%BA%E5%8C%97%E6%8D%B7%E9%81%8B%E6%AF%8F%E6%97%A5%E5%88%86%E6%99%82%E5%90%84%E7%AB%99OD%E6%B5%81%E9%87%8F%E7%B5%B1%E8%A8%88%E8%B3%87%E6%96%99_202409.csv
94,2024,10,http://tcgmetro.blob.core.windows.net/stationod/%E8%87%BA%E5%8C%97%E6%8D%B7%E9%81%8B%E6%AF%8F%E6%97%A5%E5%88%86%E6%99%82%E5%90%84%E7%AB%99OD%E6%B5%81%E9%87%8F%E7%B5%B1%E8%A8%88%E8%B3%87%E6%96%99_202410.csv
95,2024,11,http://tcgmetro.blob.core.windows.net/stationod/%E8%87%BA%E5%8C%97%E6%8D%B7%E9%81%8B%E6%AF%8F%E6%97%A5%E5%88%86%E6%99%82%E5%90%84%E7%AB%99OD%E6%B5%81%E9%87%8F%E7%B5%B1%E8%A8%88%E8%B3%87%E6%96%99_202411.csv
96,2024,12,http://tcgmetro.blob.core.windows.net/stationod/%E8%87%BA%E5%8C%97%E6%8D%B7%E9%81%8B%E6%AF%8F%E6%97%A5%E5%88%86%E6%99%82%E5%90%84%E7%AB%99OD%E6%B5%81%E9%87%8F%E7%B5%B1%E8%A8%88%E8%B3%87%E6%96%99_202412.csv
97,2025,1,http://tcgmetro.blob.core.windows.net/stationod/%E8%87%BA%E5%8C%97%E6%8D%B7%E9%81%8B%E6%AF%8F%E6%97%A5%E5%88%86%E6%99%82%E5%90%84%E7%AB%99OD%E6%B5%81%E9%87%8F%E7%B5%B1%E8%A8%88%E8%B3%87%E6%96%99_202501.csv
98,2025,2,http://tcgmetro.blob.core.windows.net/stationod/%E8%87%BA%E5%8C%97%E6%8D%B7%E9%81%8B%E6%AF%8F%E6%97%A5%E5%88%86%E6%99%82%E5%90%84%E7%AB%99OD%E6%B5%81%E9%87%8F%E7%B5%B1%E8%A8%88%E8%B3%87%E6%96%99_202502.csv
99,2025,3,http://tcgmetro.blob.core.windows.net/stationod/%E8%87%BA%E5%8C%97%E6%8D%B7%E9%81%8B%E6%AF%8F%E6%97%A5%E5%88%86%E6%99%82%E5%90%84%E7%AB%99OD%E6%B5%81%E9%87%8F%E7%B5%B1%E8%A8%88%E8%B3%87%E6%96%99_202503.csv
100,2025,4,http://tcgmetro.blob.core.windows.net/stationod/%E8%87%BA%E5%8C%97%E6%8D%B7%E9%81%8B%E6%AF%8F%E6%97%A5%E5%88%86%E6%99%82%E5%90%84%E7%AB%99OD%E6%B5%81%E9%87%8F%E7%B5%B1%E8%A8%88%E8%B3%87%E6%96%99_202504.csv
101,2025,5,http://tcgmetro.blob.core.windows.net/stationod/%E8%87%BA%E5%8C%97%E6%8D%B7%E9%81%8B%E6%AF%8F%E6%97%A5%E5%88%86%E6%99%82%E5%90%84%E7%AB%99OD%E6%B5%81%E9%87%8F%E7%B5%B1%E8%A8%88%E8%B3%87%E6%96%99_202505.csv
102,2025,6,http://tcgmetro.blob.core.windows.net/stationod/%E8%87%BA%E5%8C%97%E6%8D%B7%E9%81%8B%E6%AF%8F%E6%97%A5%E5%88%86%E6%99%82%E5%90%84%E7%AB%99OD%E6%B5%81%E9%87%8F%E7%B5%B1%E8%A8%88%E8%B3%87%E6%96%99_202506.csv
103,2025,7,http://tcgmetro.blob.core.windows.net/stationod/%E8%87%BA%E5%8C%97%E6%8D%B7%E9%81%8B%E6%AF%8F%E6%97%A5%E5%88%86%E6%99%82%E5%90%84%E7%AB%99OD%E6%B5%81%E9%87%8F%E7%B5%B1%E8%A8%88%E8%B3%87%E6%96%99_202507.csv
104,2025,8,http://tcgmetro.blob.core.windows.net/stationod/%E8%87%BA%E5%8C%97%E6%8D%B7%E9%81%8B%E6%AF%8F%E6%97%A5%E5%88%86%E6%99%82%E5%90%84%E7%AB%99OD%E6%B5%81%E9%87%8F%E7%B5%B1%E8%A8%88%E8%B3%87%E6%96%99_202508.csv
105,2025,9,http://tcgmetro.blob.core.windows.net/stationod/%E8%87%BA%E5%8C%97%E6%8D%B7%E9%81%8B%E6%AF%8F%E6%97%A5%E5%88%86%E6%99%82%E5%90%84%E7%AB%99OD%E6%B5%81%E9%87%8F%E7%B5%B1%E8%A8%88%E8%B3%87%E6%96%99_202509.csv
106,2025,10,http://tcgmetro.blob.core.windows.net/stationod/%E8%87%BA%E5%8C%97%E6%8D%B7%E9%81%8B%E6%AF%8F%E6%97%A5%E5%88%86%E6%99%82%E5%90%84%E7%AB%99OD%E6%B5%81%E9%87%8F%E7%B5%B1%E8%A8%88%E8%B3%87%E6%96%99_202510.csv
107,2025,11,http://tcgmetro.blob.core.windows.net/stationod/%E8%87%BA%E5%8C%97%E6%8D%B7%E9%81%8B%E6%AF%8F%E6%97%A5%E5%88%86%E6%99%82%E5%90%84%E7%AB%99OD%E6%B5%81%E9%87%8F%E7%B5%B1%E8%A8%88%E8%B3%87%E6%96%99_202511.csv
108,2025,12,http://tcgmetro.blob.core.windows.net/stationod/%E8%87%BA%E5%8C%97%E6%8D%B7%E9%81%8B%E6%AF%8F%E6%97%A5%E5%88%86%E6%99%82%E5%90%84%E7%AB%99OD%E6%B5%81%E9%87%8F%E7%B5%B1%E8%A8%88%E8%B3%87%E6%96%99_202512.csv
109,2026,1,http://tcgmetro.blob.core.windows.net/stationod/%E8%87%BA%E5%8C%97%E6%8D%B7%E9%81%8B%E6%AF%8F%E6%97%A5%E5%88%86%E6%99%82%E5%90%84%E7%AB%99OD%E6%B5%81%E9%87%8F%E7%B5%B1%E8%A8%88%E8%B3%87%E6%96%99_202601.csv
110,2026,2,http://tcgmetro.blob.core.windows.net/stationod/%E8%87%BA%E5%8C%97%E6%8D%B7%E9%81%8B%E6%AF%8F%E6%97%A5%E5%88%86%E6%99%82%E5%90%84%E7%AB%99OD%E6%B5%81%E9%87%8F%E7%B5%B1%E8%A8%88%E8%B3%87%E6%96%99_202602.csv
111,2026,3,http://tcgmetro.blob.core.windows.net/stationod/%E8%87%BA%E5%8C%97%E6%8D%B7%E9%81%8B%E6%AF%8F%E6%97%A5%E5%88%86%E6%99%82%E5%90%84%E7%AB%99OD%E6%B5%81%E9%87%8F%E7%B5%B1%E8%A8%88%E8%B3%87%E6%96%99_202603.csv